,year,date,weekn,depth,depth_code,sampleid,filtration_volume ,extraction_date,Extracted_By,elution_volume,[DNA]ng/ul,A260/280,nifH,Notes,Date (BIO),Depth (CTD),Local Time,Salinity,Temperature,Oxygen,par,fluorometer,pH,theta,sigmaTheta,month_name,month,day,time_string,size_code,A260/230
0,2022.0,07-Jan,1.0,1.0,A,BB22.1A,490.0,2023-05-04,Jenni,100.0,12.2,2.02,+,"aliquots: 40uL in 0.6, 2.5uL in PCR",2022-01-07,1.0,12:18:48 PM,28.7164,5.102,6.5108,2.6422,0.6261,7.938,5.1019,22.6874,Jan,01,07,2022-01-07,W,
80,2022.0,07-Jan,1.0,1.0,A,BB22.1AL,460.0,2023-07-14,Jenni,100.0,4.2,1.56,+,no aliquot - all in original tube,2022-01-07,1.0,12:18:48 PM,28.7164,5.102,6.5108,2.6422,0.6261,7.938,5.1019,22.6874,Jan,01,07,2022-01-07,L,
81,2022.0,07-Jan,1.0,1.0,A,BB22.1AS,460.0,2023-07-14,Jenni,100.0,16.6,1.59,+,no aliquot - all in original tube,2022-01-07,1.0,12:18:48 PM,28.7164,5.102,6.5108,2.6422,0.6261,7.938,5.1019,22.6874,Jan,01,07,2022-01-07,S,
1,2022.0,07-Jan,1.0,5.0,B,BB22.1B,540.0,2023-05-04,Jenni,100.0,16.0,1.92,+,no aliquot - all in original tube,2022-01-07,5.0,12:18:56 PM,29.9009,5.3068,6.2755,0.34279,0.6528,7.927,5.3064,23.603,Jan,01,07,2022-01-07,W,
82,2022.0,07-Jan,1.0,5.0,B,BB22.1BL,510.0,2023-07-14,Jenni,100.0,4.5,1.43,+,no aliquot - all in original tube,2022-01-07,5.0,12:18:56 PM,29.9009,5.3068,6.2755,0.34279,0.6528,7.927,5.3064,23.603,Jan,01,07,2022-01-07,L,
83,2022.0,07-Jan,1.0,5.0,B,BB22.1BS,510.0,2023-07-14,Jenni,100.0,11.8,1.76,+,no aliquot - all in original tube,2022-01-07,5.0,12:18:56 PM,29.9009,5.3068,6.2755,0.34279,0.6528,7.927,5.3064,23.603,Jan,01,07,2022-01-07,S,
2,2022.0,07-Jan,1.0,10.0,C,BB22.1C,520.0,2023-05-04,Jenni,100.0,17.6,1.81,+,no aliquot - all in original tube,2022-01-07,10.0,12:19:03 PM,30.0675,5.589,6.089,0.06392,0.3885,7.921,5.5883,23.704,Jan,01,07,2022-01-07,W,
84,2022.0,07-Jan,1.0,10.0,C,BB22.1CL,475.0,2023-07-14,Jenni,100.0,4.4,1.4,+,no aliquot - all in original tube,2022-01-07,10.0,12:19:03 PM,30.0675,5.589,6.089,0.06392,0.3885,7.921,5.5883,23.704,Jan,01,07,2022-01-07,L,
85,2022.0,07-Jan,1.0,10.0,C,BB22.1CS,475.0,2023-07-14,Jenni,100.0,9.8,1.77,+,no aliquot - all in original tube,2022-01-07,10.0,12:19:03 PM,30.0675,5.589,6.089,0.06392,0.3885,7.921,5.5883,23.704,Jan,01,07,2022-01-07,S,
4,2022.0,07-Jan,1.0,60.0,D,BB22.1D,520.0,2023-05-04,Jenni,100.0,29.0,1.81,+,no aliquot - all in original tube,2022-01-07,60.0,12:20:07 PM,31.1487,5.8298,0.2217,0.00015,0.0,7.442,5.8251,24.5312,Jan,01,07,2022-01-07,W,
86,2022.0,07-Jan,1.0,60.0,D,BB22.1DL,455.0,2023-07-14,Jenni,100.0,7.4,1.7,+,no aliquot - all in original tube,2022-01-07,60.0,12:20:07 PM,31.1487,5.8298,0.2217,0.00015,0.0,7.442,5.8251,24.5312,Jan,01,07,2022-01-07,L,
87,2022.0,07-Jan,1.0,60.0,D,BB22.1DS,455.0,2023-07-14,Jenni,100.0,23.6,1.78,+,no aliquot - all in original tube,2022-01-07,60.0,12:20:07 PM,31.1487,5.8298,0.2217,0.00015,0.0,7.442,5.8251,24.5312,Jan,01,07,2022-01-07,S,
3,2022.0,07-Jan,1.0,60.0,D,-,455.0,2023-07-31,Jenni,100.0,52.2,1.93,+,Didn't add a 30m depth bottle until following week,2022-01-07,30.0,12:19:29 PM,30.8782,6.9136,4.4207,0.0,0.0,7.828,6.9111,24.185,Jan,01,07,2022-01-07,W,
5,2022.0,12-Jan,2.0,1.0,A,BB22.2A,530.0,2023-05-04,Jenni,100.0,33.0,1.87,+,Didn't add a 30m depth bottle until following week,2022-01-12,1.0,2:53:36 PM,28.6579,2.7423,6.9896,283.83,6.1486,8.054,2.7423,22.8449,Jan,01,12,2022-01-12,W,
88,2022.0,12-Jan,2.0,1.0,A,BB22.2AL,475.0,2023-07-14,Jenni,100.0,4.3,1.57,+,Didn't add a 30m depth bottle until following week,2022-01-12,1.0,2:53:36 PM,28.6579,2.7423,6.9896,283.83,6.1486,8.054,2.7423,22.8449,Jan,01,12,2022-01-12,L,
89,2022.0,12-Jan,2.0,1.0,A,BB22.2AS,475.0,2023-07-14,Jenni,100.0,16.9,1.71,+,Didn't add a 30m depth bottle until following week,2022-01-12,1.0,2:53:36 PM,28.6579,2.7423,6.9896,283.83,6.1486,8.054,2.7423,22.8449,Jan,01,12,2022-01-12,S,
6,2022.0,12-Jan,2.0,5.0,B,BB22.2B,550.0,2023-05-04,Jenni,100.0,26.3,1.88,+,Didn't add a 30m depth bottle until following week,2022-01-12,5.0,2:53:43 PM,29.2324,4.135,6.5305,23.805,7.1255,8.034,4.1347,23.1892,Jan,01,12,2022-01-12,W,
90,2022.0,12-Jan,2.0,5.0,B,BB22.2BL,500.0,2023-07-14,Jenni,100.0,5.2,17.9,+,Didn't add a 30m depth bottle until following week,2022-01-12,5.0,2:53:43 PM,29.2324,4.135,6.5305,23.805,7.1255,8.034,4.1347,23.1892,Jan,01,12,2022-01-12,L,
91,2022.0,12-Jan,2.0,5.0,B,BB22.2BS,500.0,2023-07-14,Jenni,100.0,17.9,1.76,+,Didn't add a 30m depth bottle until following week,2022-01-12,5.0,2:53:43 PM,29.2324,4.135,6.5305,23.805,7.1255,8.034,4.1347,23.1892,Jan,01,12,2022-01-12,S,
7,2022.0,12-Jan,2.0,10.0,C,BB22.2C,580.0,2023-05-04,Jenni,100.0,25.4,1.87,+,Didn't add a 30m depth bottle until following week,2022-01-12,10.0,2:53:49 PM,29.5405,4.5481,6.1707,6.0176,5.5078,8.022,4.5475,23.395,Jan,01,12,2022-01-12,W,
92,2022.0,12-Jan,2.0,10.0,C,BB22.2CL,450.0,2023-07-14,Jenni,100.0,6.2,1.65,+,Didn't add a 30m depth bottle until following week,2022-01-12,10.0,2:53:49 PM,29.5405,4.5481,6.1707,6.0176,5.5078,8.022,4.5475,23.395,Jan,01,12,2022-01-12,L,
93,2022.0,12-Jan,2.0,10.0,C,BB22.2CS,450.0,2023-07-14,Jenni,100.0,6.2,17.1,+,Didn't add a 30m depth bottle until following week,2022-01-12,10.0,2:53:49 PM,29.5405,4.5481,6.1707,6.0176,5.5078,8.022,4.5475,23.395,Jan,01,12,2022-01-12,S,
8,2022.0,12-Jan,2.0,30.0,E,BB22.2E,600.0,2023-07-14,Jenni,100.0,20.4,1.79,+,Didn't add a 30m depth bottle until following week,2022-01-12,30.0,2:54:14 PM,30.8175,6.7399,4.2173,0.02955,1.8879,7.879,6.7374,24.1593,Jan,01,12,2022-01-12,W,
94,2022.0,12-Jan,2.0,30.0,E,BB22.2EL,580.0,2023-07-14,Jenni,100.0,8.8,1.62,+,Didn't add a 30m depth bottle until following week,2022-01-12,30.0,2:54:14 PM,30.8175,6.7399,4.2173,0.02955,1.8879,7.879,6.7374,24.1593,Jan,01,12,2022-01-12,L,
95,2022.0,12-Jan,2.0,30.0,E,BB22.2ES,580.0,2023-07-14,Jenni,100.0,37.1,1.6,+,Didn't add a 30m depth bottle until following week,2022-01-12,30.0,2:54:14 PM,30.8175,6.7399,4.2173,0.02955,1.8879,7.879,6.7374,24.1593,Jan,01,12,2022-01-12,S,
9,2022.0,12-Jan,2.0,60.0,D,BB22.2D,550.0,2023-05-04,Jenni,100.0,27.1,1.88,+,Didn't add a 30m depth bottle until following week,2022-01-12,60.0,2:54:52 PM,31.1687,6.1368,0.4779,0.0,0.7857,7.403,6.132,24.5107,Jan,01,12,2022-01-12,W,
96,2022.0,12-Jan,2.0,60.0,D,BB22.2DL,540.0,2023-07-14,Jenni,100.0,10.5,1.67,+,Didn't add a 30m depth bottle until following week,2022-01-12,60.0,2:54:52 PM,31.1687,6.1368,0.4779,0.0,0.7857,7.403,6.132,24.5107,Jan,01,12,2022-01-12,L,
97,2022.0,12-Jan,2.0,60.0,D,BB22.2DS,540.0,2023-07-14,Jenni,100.0,34.4,1.81,+,Didn't add a 30m depth bottle until following week,2022-01-12,60.0,2:54:52 PM,31.1687,6.1368,0.4779,0.0,0.7857,7.403,6.132,24.5107,Jan,01,12,2022-01-12,S,
10,2022.0,26-Jan,3.0,1.0,A,BB22.3A,425.0,2023-07-14,Jenni,100.0,21.8,1.77,+,Didn't add a 30m depth bottle until following week,2022-01-26,1.0,12:42:48 PM,28.4565,1.6557,7.2805,226.47,4.982,7.967,1.6556,22.7531,Jan,01,26,2022-01-26,W,
98,2022.0,26-Jan,3.0,1.0,A,BB22.3AL,450.0,2023-07-19,Jenni,100.0,4.2,1.51,+,Didn't add a 30m depth bottle until following week,2022-01-26,1.0,12:42:48 PM,28.4565,1.6557,7.2805,226.47,4.982,7.967,1.6556,22.7531,Jan,01,26,2022-01-26,L,
99,2022.0,26-Jan,3.0,1.0,A,BB22.3AS,450.0,2023-07-19,Jenni,100.0,11.5,1.81,+,Didn't add a 30m depth bottle until following week,2022-01-26,1.0,12:42:48 PM,28.4565,1.6557,7.2805,226.47,4.982,7.967,1.6556,22.7531,Jan,01,26,2022-01-26,S,
11,2022.0,26-Jan,3.0,5.0,B,BB22.3B,440.0,2023-07-14,Jenni,100.0,25.3,1.78,+,Didn't add a 30m depth bottle until following week,2022-01-26,5.0,12:42:57 PM,29.4783,3.574,6.4562,27.419,4.9534,7.946,3.5737,23.4336,Jan,01,26,2022-01-26,W,
100,2022.0,26-Jan,3.0,5.0,B,BB22.3BL,470.0,2023-07-19,Jenni,100.0,5.8,1.72,+,Didn't add a 30m depth bottle until following week,2022-01-26,5.0,12:42:57 PM,29.4783,3.574,6.4562,27.419,4.9534,7.946,3.5737,23.4336,Jan,01,26,2022-01-26,L,
101,2022.0,26-Jan,3.0,5.0,B,BB22.3BS,470.0,2023-07-19,Jenni,100.0,28.1,1.7,+,Didn't add a 30m depth bottle until following week,2022-01-26,5.0,12:42:57 PM,29.4783,3.574,6.4562,27.419,4.9534,7.946,3.5737,23.4336,Jan,01,26,2022-01-26,S,
12,2022.0,26-Jan,3.0,10.0,C,BB22.3C,500.0,2023-07-14,Jenni,100.0,20.1,1.76,+,Didn't add a 30m depth bottle until following week,2022-01-26,10.0,12:43:06 PM,29.8436,3.8463,6.3398,5.802,1.8556,7.926,3.8457,23.7007,Jan,01,26,2022-01-26,W,
102,2022.0,26-Jan,3.0,10.0,C,BB22.3CL,450.0,2023-07-19,Jenni,100.0,7.0,1.72,+,Didn't add a 30m depth bottle until following week,2022-01-26,10.0,12:43:06 PM,29.8436,3.8463,6.3398,5.802,1.8556,7.926,3.8457,23.7007,Jan,01,26,2022-01-26,L,
103,2022.0,26-Jan,3.0,10.0,C,BB22.3CS,450.0,2023-07-19,Jenni,100.0,10.4,1.78,+,Didn't add a 30m depth bottle until following week,2022-01-26,10.0,12:43:06 PM,29.8436,3.8463,6.3398,5.802,1.8556,7.926,3.8457,23.7007,Jan,01,26,2022-01-26,S,
13,2022.0,26-Jan,3.0,30.0,E,BB22.3E,520.0,2023-07-14,Jenni,100.0,20.0,1.78,+,Didn't add a 30m depth bottle until following week,2022-01-26,30.0,12:43:36 PM,30.3388,3.8862,6.0881,1e-05,1.8608,7.923,3.8844,24.0908,Jan,01,26,2022-01-26,W,
104,2022.0,26-Jan,3.0,30.0,E,BB22.3EL,610.0,2023-07-19,Jenni,100.0,4.3,1.58,+,Didn't add a 30m depth bottle until following week,2022-01-26,30.0,12:43:36 PM,30.3388,3.8862,6.0881,1e-05,1.8608,7.923,3.8844,24.0908,Jan,01,26,2022-01-26,L,
105,2022.0,26-Jan,3.0,30.0,E,BB22.3ES,610.0,2023-07-19,Jenni,100.0,13.1,1.95,+,Didn't add a 30m depth bottle until following week,2022-01-26,30.0,12:43:36 PM,30.3388,3.8862,6.0881,1e-05,1.8608,7.923,3.8844,24.0908,Jan,01,26,2022-01-26,S,
14,2022.0,26-Jan,3.0,60.0,D,BB22.3D,495.0,2023-07-14,Jenni,100.0,40.2,1.79,+,Didn't add a 30m depth bottle until following week,2022-01-26,60.0,12:44:24 PM,31.1773,6.2024,0.3437,0.0,0.8939,7.432,6.1976,24.5096,Jan,01,26,2022-01-26,W,
106,2022.0,26-Jan,3.0,60.0,D,BB22.3DL,510.0,2023-07-19,Jenni,100.0,11.3,1.93,+,Didn't add a 30m depth bottle until following week,2022-01-26,60.0,12:44:24 PM,31.1773,6.2024,0.3437,0.0,0.8939,7.432,6.1976,24.5096,Jan,01,26,2022-01-26,L,
107,2022.0,26-Jan,3.0,60.0,D,BB22.3DS,510.0,2023-07-19,Jenni,100.0,23.4,1.94,+,Didn't add a 30m depth bottle until following week,2022-01-26,60.0,12:44:24 PM,31.1773,6.2024,0.3437,0.0,0.8939,7.432,6.1976,24.5096,Jan,01,26,2022-01-26,S,
15,2022.0,02-Feb,4.0,1.0,A,BB22.4A,475.0,2023-07-19,Jenni,100.0,17.2,1.81,+,Didn't add a 30m depth bottle until following week,2022-02-02,1.0,12:57:13 PM,29.0983,1.4711,7.1771,170.58,3.7834,8.058,1.471,23.2777,Feb,02,02,2022-02-02,W,
108,2022.0,02-Feb,4.0,1.0,A,BB22.4AL,490.0,2023-07-19,Jenni,100.0,5.8,1.79,+,Didn't add a 30m depth bottle until following week,2022-02-02,1.0,12:57:13 PM,29.0983,1.4711,7.1771,170.58,3.7834,8.058,1.471,23.2777,Feb,02,02,2022-02-02,L,
109,2022.0,02-Feb,4.0,1.0,A,BB22.4AS,490.0,2023-07-19,Jenni,100.0,13.3,1.82,+,Didn't add a 30m depth bottle until following week,2022-02-02,1.0,12:57:13 PM,29.0983,1.4711,7.1771,170.58,3.7834,8.058,1.471,23.2777,Feb,02,02,2022-02-02,S,
16,2022.0,02-Feb,4.0,5.0,B,BB22.4B,550.0,2023-07-19,Jenni,100.0,24.4,1.91,+,Didn't add a 30m depth bottle until following week,2022-02-02,5.0,12:57:21 PM,29.2684,1.6195,7.1263,33.062,4.8892,8.063,1.6193,23.4056,Feb,02,02,2022-02-02,W,
110,2022.0,02-Feb,4.0,5.0,B,BB22.4BL,550.0,2023-07-19,Jenni,100.0,4.9,2.29,+,Didn't add a 30m depth bottle until following week,2022-02-02,5.0,12:57:21 PM,29.2684,1.6195,7.1263,33.062,4.8892,8.063,1.6193,23.4056,Feb,02,02,2022-02-02,L,
111,2022.0,02-Feb,4.0,5.0,B,BB22.4BS,550.0,2023-07-19,Jenni,100.0,11.9,1.99,+,Didn't add a 30m depth bottle until following week,2022-02-02,5.0,12:57:21 PM,29.2684,1.6195,7.1263,33.062,4.8892,8.063,1.6193,23.4056,Feb,02,02,2022-02-02,S,
17,2022.0,02-Feb,4.0,10.0,C,BB22.4C,525.0,2023-07-19,Jenni,100.0,21.7,1.75,+,Didn't add a 30m depth bottle until following week,2022-02-02,10.0,12:57:28 PM,29.6317,2.6087,6.6992,9.1834,3.3478,8.05,2.6082,23.6316,Feb,02,02,2022-02-02,W,
112,2022.0,02-Feb,4.0,10.0,C,BB22.4CL,465.0,2023-07-19,Jenni,100.0,5.8,2.07,+,Didn't add a 30m depth bottle until following week,2022-02-02,10.0,12:57:28 PM,29.6317,2.6087,6.6992,9.1834,3.3478,8.05,2.6082,23.6316,Feb,02,02,2022-02-02,L,
113,2022.0,02-Feb,4.0,10.0,C,BB22.4CS,465.0,2023-07-19,Jenni,100.0,8.5,1.87,+,Didn't add a 30m depth bottle until following week,2022-02-02,10.0,12:57:28 PM,29.6317,2.6087,6.6992,9.1834,3.3478,8.05,2.6082,23.6316,Feb,02,02,2022-02-02,S,
18,2022.0,02-Feb,4.0,30.0,E,BB22.4E,550.0,2023-07-19,Jenni,100.0,19.7,1.81,+,Didn't add a 30m depth bottle until following week,2022-02-02,30.0,12:57:57 PM,30.2879,3.7421,5.8387,0.02169,1.3934,8.015,3.7404,24.0633,Feb,02,02,2022-02-02,W,
114,2022.0,02-Feb,4.0,30.0,E,BB22.4EL,500.0,2023-07-20,Jenni,100.0,6.2,1.64,+,Didn't add a 30m depth bottle until following week,2022-02-02,30.0,12:57:57 PM,30.2879,3.7421,5.8387,0.02169,1.3934,8.015,3.7404,24.0633,Feb,02,02,2022-02-02,L,
115,2022.0,02-Feb,4.0,30.0,E,BB22.4ES,500.0,2023-07-20,Jenni,100.0,12.2,1.74,+,Didn't add a 30m depth bottle until following week,2022-02-02,30.0,12:57:57 PM,30.2879,3.7421,5.8387,0.02169,1.3934,8.015,3.7404,24.0633,Feb,02,02,2022-02-02,S,
19,2022.0,02-Feb,4.0,60.0,D,BB22.4D,420.0,2023-07-19,Jenni,100.0,22.3,1.86,+,Didn't add a 30m depth bottle until following week,2022-02-02,60.0,12:58:41 PM,31.1396,6.3243,0.709,0.0,0.785,7.52,6.3194,24.465,Feb,02,02,2022-02-02,W,
116,2022.0,02-Feb,4.0,60.0,D,BB22.4DL,425.0,2023-07-20,Jenni,100.0,6.3,1.61,+,Didn't add a 30m depth bottle until following week,2022-02-02,60.0,12:58:41 PM,31.1396,6.3243,0.709,0.0,0.785,7.52,6.3194,24.465,Feb,02,02,2022-02-02,L,
117,2022.0,02-Feb,4.0,60.0,D,BB22.4DS,425.0,2023-07-20,Jenni,100.0,16.9,1.91,+,Didn't add a 30m depth bottle until following week,2022-02-02,60.0,12:58:41 PM,31.1396,6.3243,0.709,0.0,0.785,7.52,6.3194,24.465,Feb,02,02,2022-02-02,S,
20,2022.0,10-Feb,5.0,1.0,A,BB22.5A,540.0,2023-07-19,Jenni,100.0,31.7,1.63,+,CTD only started reading pressure values at 5 (no data for 1m),2022-02-10,60.0,12:58:41 PM,31.1396,6.3243,0.709,0.0,0.785,7.52,6.3194,24.465,Feb,02,10,2022-02-10,W,
118,2022.0,10-Feb,5.0,1.0,A,BB22.5AL,490.0,2023-07-20,Jenni,100.0,5.9,1.62,+,CTD only started reading pressure values at 5 (no data for 1m),2022-02-10,60.0,12:58:41 PM,31.1396,6.3243,0.709,0.0,0.785,7.52,6.3194,24.465,Feb,02,10,2022-02-10,L,
119,2022.0,10-Feb,5.0,1.0,A,BB22.5AS,490.0,2023-07-20,Jenni,100.0,22.6,1.7,+,CTD only started reading pressure values at 5 (no data for 1m),2022-02-10,60.0,12:58:41 PM,31.1396,6.3243,0.709,0.0,0.785,7.52,6.3194,24.465,Feb,02,10,2022-02-10,S,
21,2022.0,10-Feb,5.0,5.0,B,BB22.5B,515.0,2023-07-19,Jenni,100.0,27.0,1.83,+,CTD only started reading pressure values at 5 (no data for 1m),2022-02-10,5.0,12:52:23 PM,27.6697,2.4852,6.9272,6.1868,6.4801,7.944,2.485,22.0739,Feb,02,10,2022-02-10,W,
120,2022.0,10-Feb,5.0,5.0,B,BB22.5BL,545.0,2023-07-20,Jenni,100.0,6.0,1.66,+,CTD only started reading pressure values at 5 (no data for 1m),2022-02-10,5.0,12:52:23 PM,27.6697,2.4852,6.9272,6.1868,6.4801,7.944,2.485,22.0739,Feb,02,10,2022-02-10,L,
121,2022.0,10-Feb,5.0,5.0,B,BB22.5BS,545.0,2023-07-20,Jenni,100.0,17.6,1.82,+,CTD only started reading pressure values at 5 (no data for 1m),2022-02-10,5.0,12:52:23 PM,27.6697,2.4852,6.9272,6.1868,6.4801,7.944,2.485,22.0739,Feb,02,10,2022-02-10,S,
22,2022.0,10-Feb,5.0,10.0,C,BB22.5C,505.0,2023-07-19,Jenni,100.0,24.3,1.79,+,CTD only started reading pressure values at 5 (no data for 1m),2022-02-10,10.0,12:52:28 PM,28.8545,2.5825,6.2186,1.447,3.4402,7.954,2.582,23.0131,Feb,02,10,2022-02-10,W,
122,2022.0,10-Feb,5.0,10.0,C,BB22.5CL,500.0,2023-07-20,Jenni,100.0,6.7,1.61,+,CTD only started reading pressure values at 5 (no data for 1m),2022-02-10,10.0,12:52:28 PM,28.8545,2.5825,6.2186,1.447,3.4402,7.954,2.582,23.0131,Feb,02,10,2022-02-10,L,
123,2022.0,10-Feb,5.0,10.0,C,BB22.5CS,500.0,2023-07-20,Jenni,100.0,12.8,1.78,+,CTD only started reading pressure values at 5 (no data for 1m),2022-02-10,10.0,12:52:28 PM,28.8545,2.5825,6.2186,1.447,3.4402,7.954,2.582,23.0131,Feb,02,10,2022-02-10,S,
23,2022.0,10-Feb,5.0,30.0,E,BB22.5E,505.0,2023-07-20,Jenni,100.0,16.7,1.76,+,CTD only started reading pressure values at 5 (no data for 1m),2022-02-10,30.0,12:52:52 PM,30.2751,3.1651,6.171,0.0,1.4995,7.935,3.1635,24.1022,Feb,02,10,2022-02-10,W,
124,2022.0,10-Feb,5.0,30.0,E,BB22.5EL,500.0,2023-07-20,Jenni,100.0,5.0,1.44,+,CTD only started reading pressure values at 5 (no data for 1m),2022-02-10,30.0,12:52:52 PM,30.2751,3.1651,6.171,0.0,1.4995,7.935,3.1635,24.1022,Feb,02,10,2022-02-10,L,
125,2022.0,10-Feb,5.0,30.0,E,BB22.5ES,500.0,2023-07-20,Jenni,100.0,11.4,1.91,+,CTD only started reading pressure values at 5 (no data for 1m),2022-02-10,30.0,12:52:52 PM,30.2751,3.1651,6.171,0.0,1.4995,7.935,3.1635,24.1022,Feb,02,10,2022-02-10,S,
24,2022.0,10-Feb,5.0,60.0,D,BB22.5D,500.0,2023-07-20,Jenni,100.0,30.4,1.82,+,CTD only started reading pressure values at 5 (no data for 1m),2022-02-10,60.0,12:53:28 PM,31.0815,6.1224,0.6987,0.0,0.8754,7.454,6.1176,24.4436,Feb,02,10,2022-02-10,W,
126,2022.0,10-Feb,5.0,60.0,D,BB22.5DL,460.0,2023-07-20,Jenni,100.0,9.7,1.79,+,CTD only started reading pressure values at 5 (no data for 1m),2022-02-10,60.0,12:53:28 PM,31.0815,6.1224,0.6987,0.0,0.8754,7.454,6.1176,24.4436,Feb,02,10,2022-02-10,L,
127,2022.0,10-Feb,5.0,60.0,D,BB22.5DS,460.0,2023-07-20,Jenni,100.0,16.7,1.79,+,CTD only started reading pressure values at 5 (no data for 1m),2022-02-10,60.0,12:53:28 PM,31.0815,6.1224,0.6987,0.0,0.8754,7.454,6.1176,24.4436,Feb,02,10,2022-02-10,S,
25,2022.0,16-Feb,6.0,1.0,A,BB22.6A,475.0,2023-07-21,Jenni,100.0,24.9,1.68,+,CTD only started reading pressure values at 5 (no data for 1m),2022-02-16,1.0,1:08:57 PM,28.4773,0.6872,7.4679,354.24,0.4383,8.047,0.6872,22.8179,Feb,02,16,2022-02-16,W,
128,2022.0,16-Feb,6.0,1.0,A,BB22.6AL,510.0,2023-07-21,Jenni,100.0,4.3,1.53,+,CTD only started reading pressure values at 5 (no data for 1m),2022-02-16,1.0,1:08:57 PM,28.4773,0.6872,7.4679,354.24,0.4383,8.047,0.6872,22.8179,Feb,02,16,2022-02-16,L,
129,2022.0,16-Feb,6.0,1.0,A,BB22.6AS,510.0,2023-07-21,Jenni,100.0,14.1,1.79,+,CTD only started reading pressure values at 5 (no data for 1m),2022-02-16,1.0,1:08:57 PM,28.4773,0.6872,7.4679,354.24,0.4383,8.047,0.6872,22.8179,Feb,02,16,2022-02-16,S,
26,2022.0,16-Feb,6.0,5.0,B,BB22.6B,530.0,2023-07-21,Jenni,100.0,21.9,1.84,+,CTD only started reading pressure values at 5 (no data for 1m),2022-02-16,5.0,1:09:06 PM,29.1013,2.3193,6.8424,59.292,3.5616,8.045,2.3191,23.2278,Feb,02,16,2022-02-16,W,
130,2022.0,16-Feb,6.0,5.0,B,BB22.6BL,605.0,2023-07-21,Jenni,100.0,7.7,1.82,+,CTD only started reading pressure values at 5 (no data for 1m),2022-02-16,5.0,1:09:06 PM,29.1013,2.3193,6.8424,59.292,3.5616,8.045,2.3191,23.2278,Feb,02,16,2022-02-16,L,
131,2022.0,16-Feb,6.0,5.0,B,BB22.6BS,605.0,2023-07-21,Jenni,100.0,19.1,1.86,+,CTD only started reading pressure values at 5 (no data for 1m),2022-02-16,5.0,1:09:06 PM,29.1013,2.3193,6.8424,59.292,3.5616,8.045,2.3191,23.2278,Feb,02,16,2022-02-16,S,
27,2022.0,16-Feb,6.0,10.0,C,BB22.6C,520.0,2023-07-21,Jenni,100.0,22.9,1.83,+,CTD only started reading pressure values at 5 (no data for 1m),2022-02-16,10.0,1:09:13 PM,30.0115,2.5711,6.6492,12.989,2.9397,8.029,2.5706,23.9377,Feb,02,16,2022-02-16,W,
132,2022.0,16-Feb,6.0,10.0,C,BB22.6CL,500.0,2023-07-21,Jenni,100.0,3.4,2.24,+,CTD only started reading pressure values at 5 (no data for 1m),2022-02-16,10.0,1:09:13 PM,30.0115,2.5711,6.6492,12.989,2.9397,8.029,2.5706,23.9377,Feb,02,16,2022-02-16,L,
133,2022.0,16-Feb,6.0,10.0,C,BB22.6CS,500.0,2023-07-21,Jenni,100.0,12.6,1.91,+,CTD only started reading pressure values at 5 (no data for 1m),2022-02-16,10.0,1:09:13 PM,30.0115,2.5711,6.6492,12.989,2.9397,8.029,2.5706,23.9377,Feb,02,16,2022-02-16,S,
28,2022.0,16-Feb,6.0,30.0,E,BB22.6E,485.0,2023-07-21,Jenni,100.0,19.9,1.88,+,CTD only started reading pressure values at 5 (no data for 1m),2022-02-16,30.0,1:09:40 PM,30.49,2.928,5.3205,0.05264,1.5,8.02,2.9265,24.2925,Feb,02,16,2022-02-16,W,
134,2022.0,16-Feb,6.0,30.0,E,BB22.6EL,505.0,2023-07-21,Jenni,100.0,4.2,1.66,+,CTD only started reading pressure values at 5 (no data for 1m),2022-02-16,30.0,1:09:40 PM,30.49,2.928,5.3205,0.05264,1.5,8.02,2.9265,24.2925,Feb,02,16,2022-02-16,L,
135,2022.0,16-Feb,6.0,30.0,E,BB22.6ES,505.0,2023-07-21,Jenni,100.0,12.1,1.85,+,CTD only started reading pressure values at 5 (no data for 1m),2022-02-16,30.0,1:09:40 PM,30.49,2.928,5.3205,0.05264,1.5,8.02,2.9265,24.2925,Feb,02,16,2022-02-16,S,
29,2022.0,16-Feb,6.0,60.0,D,BB22.6D,505.0,2023-07-21,Jenni,100.0,32.6,1.81,+,CTD only started reading pressure values at 5 (no data for 1m),2022-02-16,60.0,1:10:24 PM,31.0699,5.7399,1.5494,3e-05,1.1447,7.8,5.7353,24.4793,Feb,02,16,2022-02-16,W,
136,2022.0,16-Feb,6.0,60.0,D,BB22.6DL,495.0,2023-07-21,Jenni,100.0,7.0,1.6,+,CTD only started reading pressure values at 5 (no data for 1m),2022-02-16,60.0,1:10:24 PM,31.0699,5.7399,1.5494,3e-05,1.1447,7.8,5.7353,24.4793,Feb,02,16,2022-02-16,L,
137,2022.0,16-Feb,6.0,60.0,D,BB22.6DS,495.0,2023-07-21,Jenni,100.0,21.1,1.91,+,CTD only started reading pressure values at 5 (no data for 1m),2022-02-16,60.0,1:10:24 PM,31.0699,5.7399,1.5494,3e-05,1.1447,7.8,5.7353,24.4793,Feb,02,16,2022-02-16,S,
30,2022.0,22-Feb,7.0,1.0,A,BB22.7A,510.0,2023-07-21,Jenni,100.0,26.6,1.73,+,CTD only started reading pressure values at 5 (no data for 1m),2022-02-22,1.0,1:20:53 PM,23.8057,2.1834,7.9186,484.07,2.8907,8.339,2.1833,19.006,Feb,02,22,2022-02-22,W,
138,2022.0,22-Feb,7.0,1.0,A,BB22.7AL,505.0,2023-07-21,Jenni,100.0,7.5,1.87,+,CTD only started reading pressure values at 5 (no data for 1m),2022-02-22,1.0,1:20:53 PM,23.8057,2.1834,7.9186,484.07,2.8907,8.339,2.1833,19.006,Feb,02,22,2022-02-22,L,
139,2022.0,22-Feb,7.0,1.0,A,BB22.7AS,505.0,2023-07-21,Jenni,100.0,18.7,1.75,+,CTD only started reading pressure values at 5 (no data for 1m),2022-02-22,1.0,1:20:53 PM,23.8057,2.1834,7.9186,484.07,2.8907,8.339,2.1833,19.006,Feb,02,22,2022-02-22,S,
31,2022.0,22-Feb,7.0,5.0,B,BB22.7B,525.0,2023-07-21,Jenni,100.0,34.3,1.83,+,CTD only started reading pressure values at 5 (no data for 1m),2022-02-22,5.0,1:21:03 PM,29.4418,2.9642,6.7854,38.582,5.1766,8.331,2.964,23.4537,Feb,02,22,2022-02-22,W,
140,2022.0,22-Feb,7.0,5.0,B,BB22.7BL,455.0,2023-07-21,Jenni,100.0,6.5,2.16,+,CTD only started reading pressure values at 5 (no data for 1m),2022-02-22,5.0,1:21:03 PM,29.4418,2.9642,6.7854,38.582,5.1766,8.331,2.964,23.4537,Feb,02,22,2022-02-22,L,
141,2022.0,22-Feb,7.0,5.0,B,BB22.7BS,455.0,2023-07-21,Jenni,100.0,14.9,1.78,+,CTD only started reading pressure values at 5 (no data for 1m),2022-02-22,5.0,1:21:03 PM,29.4418,2.9642,6.7854,38.582,5.1766,8.331,2.964,23.4537,Feb,02,22,2022-02-22,S,
32,2022.0,22-Feb,7.0,10.0,C,BB22.7C,505.0,2023-07-21,Jenni,100.0,20.6,1.81,+,CTD only started reading pressure values at 5 (no data for 1m),2022-02-22,10.0,1:21:10 PM,29.9316,3.0281,6.312,7.6896,3.3479,8.331,3.0276,23.8392,Feb,02,22,2022-02-22,W,
142,2022.0,22-Feb,7.0,10.0,C,BB22.7CL,500.0,2023-07-21,Jenni,100.0,7.1,1.85,+,CTD only started reading pressure values at 5 (no data for 1m),2022-02-22,10.0,1:21:10 PM,29.9316,3.0281,6.312,7.6896,3.3479,8.331,3.0276,23.8392,Feb,02,22,2022-02-22,L,
143,2022.0,22-Feb,7.0,10.0,C,BB22.7CS,500.0,2023-07-21,Jenni,100.0,16.1,1.85,+,CTD only started reading pressure values at 5 (no data for 1m),2022-02-22,10.0,1:21:10 PM,29.9316,3.0281,6.312,7.6896,3.3479,8.331,3.0276,23.8392,Feb,02,22,2022-02-22,S,
33,2022.0,22-Feb,7.0,30.0,E,BB22.7E,505.0,2023-07-28,Jenni,100.0,21.5,1.79,+,CTD only started reading pressure values at 5 (no data for 1m),2022-02-22,30.0,1:21:35 PM,30.6947,3.6885,4.977,0.02157,1.4855,8.368,3.6867,24.3916,Feb,02,22,2022-02-22,W,2.12
144,2022.0,22-Feb,7.0,30.0,E,BB22.7EL,540.0,2023-07-28,Jenni,100.0,6.3,1.68,+,CTD only started reading pressure values at 5 (no data for 1m),2022-02-22,30.0,1:21:35 PM,30.6947,3.6885,4.977,0.02157,1.4855,8.368,3.6867,24.3916,Feb,02,22,2022-02-22,L,2.1
145,2022.0,22-Feb,7.0,30.0,E,BB22.7ES,540.0,2023-07-28,Jenni,100.0,14.3,1.76,+,CTD only started reading pressure values at 5 (no data for 1m),2022-02-22,30.0,1:21:35 PM,30.6947,3.6885,4.977,0.02157,1.4855,8.368,3.6867,24.3916,Feb,02,22,2022-02-22,S,1.87
34,2022.0,22-Feb,7.0,60.0,D,BB22.7D,500.0,2023-07-28,Jenni,100.0,27.1,1.77,+,CTD only started reading pressure values at 5 (no data for 1m),2022-02-22,60.0,1:22:13 PM,30.9157,4.3783,3.8145,4e-05,1.6161,8.003,4.3744,24.5026,Feb,02,22,2022-02-22,W,1.89
146,2022.0,22-Feb,7.0,60.0,D,BB22.7DL,500.0,2023-07-28,Jenni,100.0,4.2,1.5,+,CTD only started reading pressure values at 5 (no data for 1m),2022-02-22,60.0,1:22:13 PM,30.9157,4.3783,3.8145,4e-05,1.6161,8.003,4.3744,24.5026,Feb,02,22,2022-02-22,L,2.65
147,2022.0,22-Feb,7.0,60.0,D,BB22.7DS,500.0,2023-07-28,Jenni,100.0,14.8,1.8,+,CTD only started reading pressure values at 5 (no data for 1m),2022-02-22,60.0,1:22:13 PM,30.9157,4.3783,3.8145,4e-05,1.6161,8.003,4.3744,24.5026,Feb,02,22,2022-02-22,S,1.77
35,2022.0,01-Mar,8.0,1.0,A,BB22.8A,485.0,2023-07-28,Jenni,100.0,15.2,1.8,+,CTD only started reading pressure values at 5 (no data for 1m),2022-03-01,1.0,12:59:57 PM,29.6088,1.8794,6.7779,178.27,1.3334,8.163,1.8794,23.6625,Mar,03,01,2022-03-01,W,2.53
148,2022.0,01-Mar,8.0,1.0,A,BB22.8AL,485.0,2023-07-28,Jenni,100.0,5.2,1.61,+,CTD only started reading pressure values at 5 (no data for 1m),2022-03-01,1.0,12:59:57 PM,29.6088,1.8794,6.7779,178.27,1.3334,8.163,1.8794,23.6625,Mar,03,01,2022-03-01,L,1.44
149,2022.0,01-Mar,8.0,1.0,A,BB22.8AS,485.0,2023-07-28,Jenni,100.0,16.4,1.77,+,CTD only started reading pressure values at 5 (no data for 1m),2022-03-01,1.0,12:59:57 PM,29.6088,1.8794,6.7779,178.27,1.3334,8.163,1.8794,23.6625,Mar,03,01,2022-03-01,S,1.59
36,2022.0,01-Mar,8.0,5.0,B,BB22.8B,485.0,2023-07-28,Jenni,100.0,20.3,1.75,+,CTD only started reading pressure values at 5 (no data for 1m),2022-03-01,5.0,1:00:04 PM,29.8175,2.4894,6.3592,63.74,1.8408,8.154,2.4892,23.7885,Mar,03,01,2022-03-01,W,1.72
150,2022.0,01-Mar,8.0,5.0,B,BB22.8BL,545.0,2023-07-28,Jenni,100.0,4.6,1.81,+,CTD only started reading pressure values at 5 (no data for 1m),2022-03-01,5.0,1:00:04 PM,29.8175,2.4894,6.3592,63.74,1.8408,8.154,2.4892,23.7885,Mar,03,01,2022-03-01,L,2.44
151,2022.0,01-Mar,8.0,5.0,B,BB22.8BS,545.0,2023-07-28,Jenni,100.0,15.6,1.86,+,CTD only started reading pressure values at 5 (no data for 1m),2022-03-01,5.0,1:00:04 PM,29.8175,2.4894,6.3592,63.74,1.8408,8.154,2.4892,23.7885,Mar,03,01,2022-03-01,S,1.72
37,2022.0,01-Mar,8.0,10.0,C,BB22.8C,480.0,2023-07-28,Jenni,100.0,20.6,1.82,+,CTD only started reading pressure values at 5 (no data for 1m),2022-03-01,10.0,1:00:11 PM,30.2461,3.3547,5.4473,15.414,4.5146,8.113,3.3542,24.0633,Mar,03,01,2022-03-01,W,1.85
152,2022.0,01-Mar,8.0,10.0,C,BB22.8CL,470.0,2023-07-28,Jenni,100.0,8.5,1.77,+,CTD only started reading pressure values at 5 (no data for 1m),2022-03-01,10.0,1:00:11 PM,30.2461,3.3547,5.4473,15.414,4.5146,8.113,3.3542,24.0633,Mar,03,01,2022-03-01,L,1.44
153,2022.0,01-Mar,8.0,10.0,C,BB22.8CS,470.0,2023-07-28,Jenni,100.0,11.9,1.86,+,CTD only started reading pressure values at 5 (no data for 1m),2022-03-01,10.0,1:00:11 PM,30.2461,3.3547,5.4473,15.414,4.5146,8.113,3.3542,24.0633,Mar,03,01,2022-03-01,S,2.51
38,2022.0,01-Mar,8.0,30.0,E,BB22.8E,490.0,2023-07-28,Jenni,100.0,18.2,1.82,+,CTD only started reading pressure values at 5 (no data for 1m),2022-03-01,30.0,1:00:37 PM,30.8945,3.5679,6.2027,0.13221,2.1196,8.149,3.5662,24.5612,Mar,03,01,2022-03-01,W,1.7
154,2022.0,01-Mar,8.0,30.0,E,BB22.8EL,555.0,2023-07-28,Jenni,100.0,6.8,1.53,+,CTD only started reading pressure values at 5 (no data for 1m),2022-03-01,30.0,1:00:37 PM,30.8945,3.5679,6.2027,0.13221,2.1196,8.149,3.5662,24.5612,Mar,03,01,2022-03-01,L,2.48
155,2022.0,01-Mar,8.0,30.0,E,BB22.8ES,555.0,2023-07-28,Jenni,100.0,14.6,1.9,+,CTD only started reading pressure values at 5 (no data for 1m),2022-03-01,30.0,1:00:37 PM,30.8945,3.5679,6.2027,0.13221,2.1196,8.149,3.5662,24.5612,Mar,03,01,2022-03-01,S,2.47
39,2022.0,01-Mar,8.0,60.0,D,BB22.8D,475.0,2023-07-28,Jenni,100.0,18.0,1.77,+,CTD only started reading pressure values at 5 (no data for 1m),2022-03-01,60.0,1:01:16 PM,31.0392,3.5655,6.3806,4e-05,4.4327,8.14,3.562,24.6768,Mar,03,01,2022-03-01,W,1.76
156,2022.0,01-Mar,8.0,60.0,D,BB22.8DL,495.0,2023-07-28,Jenni,100.0,6.1,1.79,+,CTD only started reading pressure values at 5 (no data for 1m),2022-03-01,60.0,1:01:16 PM,31.0392,3.5655,6.3806,4e-05,4.4327,8.14,3.562,24.6768,Mar,03,01,2022-03-01,L,1.26
157,2022.0,01-Mar,8.0,60.0,D,BB22.8DS,495.0,2023-07-28,Jenni,100.0,13.9,1.88,+,CTD only started reading pressure values at 5 (no data for 1m),2022-03-01,60.0,1:01:16 PM,31.0392,3.5655,6.3806,4e-05,4.4327,8.14,3.562,24.6768,Mar,03,01,2022-03-01,S,2.37
40,2022.0,09-Mar,9.0,1.0,A,BB22.9A,505.0,2023-07-28,Jenni,100.0,17.8,1.65,+,CTD only started reading pressure values at 5 (no data for 1m),2022-03-09,1.0,1:36:51 PM,29.0059,2.5555,6.8,8.027,1.5277,419.74,2.5554,23.1357,Mar,03,09,2022-03-09,W,1.64
158,2022.0,09-Mar,9.0,1.0,A,BB22.9AL,500.0,2023-07-31,Jenni,100.0,6.8,1.76,+,CTD only started reading pressure values at 5 (no data for 1m),2022-03-09,1.0,1:36:51 PM,29.0059,2.5555,6.8,8.027,1.5277,419.74,2.5554,23.1357,Mar,03,09,2022-03-09,L,1.73
159,2022.0,09-Mar,9.0,1.0,A,BB22.9AS,500.0,2023-07-31,Jenni,100.0,10.9,1.66,+,CTD only started reading pressure values at 5 (no data for 1m),2022-03-09,1.0,1:36:51 PM,29.0059,2.5555,6.8,8.027,1.5277,419.74,2.5554,23.1357,Mar,03,09,2022-03-09,S,1.3
41,2022.0,09-Mar,9.0,5.0,B,BB22.9B,490.0,2023-07-28,Jenni,100.0,21.4,1.78,+,CTD only started reading pressure values at 5 (no data for 1m),2022-03-09,5.0,1:36:59 PM,30.1868,2.9558,6.6248,8.028,4.1772,69.939,2.9556,24.0484,Mar,03,09,2022-03-09,W,1.82
160,2022.0,09-Mar,9.0,5.0,B,BB22.9BL,455.0,2023-07-31,Jenni,100.0,5.5,1.82,+,CTD only started reading pressure values at 5 (no data for 1m),2022-03-09,5.0,1:36:59 PM,30.1868,2.9558,6.6248,8.028,4.1772,69.939,2.9556,24.0484,Mar,03,09,2022-03-09,L,1.43
161,2022.0,09-Mar,9.0,5.0,B,BB22.9BS,455.0,2023-07-31,Jenni,100.0,16.1,1.81,+,CTD only started reading pressure values at 5 (no data for 1m),2022-03-09,5.0,1:36:59 PM,30.1868,2.9558,6.6248,8.028,4.1772,69.939,2.9556,24.0484,Mar,03,09,2022-03-09,S,1.7
42,2022.0,09-Mar,9.0,10.0,C,BB22.9C,500.0,2023-07-28,Jenni,100.0,22.4,1.74,+,CTD only started reading pressure values at 5 (no data for 1m),2022-03-09,10.0,1:37:08 PM,30.3366,3.101,6.4242,8.026,4.6676,18.3,3.1005,24.1562,Mar,03,09,2022-03-09,W,2.03
162,2022.0,09-Mar,9.0,10.0,C,BB22.9CL,405.0,2023-07-31,Jenni,100.0,6.7,1.82,+,CTD only started reading pressure values at 5 (no data for 1m),2022-03-09,10.0,1:37:08 PM,30.3366,3.101,6.4242,8.026,4.6676,18.3,3.1005,24.1562,Mar,03,09,2022-03-09,L,1.86
163,2022.0,09-Mar,9.0,10.0,C,BB22.9CS,405.0,2023-07-31,Jenni,100.0,11.2,1.77,+,CTD only started reading pressure values at 5 (no data for 1m),2022-03-09,10.0,1:37:08 PM,30.3366,3.101,6.4242,8.026,4.6676,18.3,3.1005,24.1562,Mar,03,09,2022-03-09,S,1.7
43,2022.0,09-Mar,9.0,30.0,E,BB22.9E,625.0,2023-07-31,Jenni,100.0,23.1,1.86,+,CTD only started reading pressure values at 5 (no data for 1m),2022-03-09,30.0,1:37:40 PM,30.9509,3.5277,6.2173,8.048,1.9513,0.17691,3.526,24.6096,Mar,03,09,2022-03-09,W,2.03
164,2022.0,09-Mar,9.0,30.0,E,BB22.9EL,460.0,2023-07-31,Jenni,100.0,4.3,1.65,+,CTD only started reading pressure values at 5 (no data for 1m),2022-03-09,30.0,1:37:40 PM,30.9509,3.5277,6.2173,8.048,1.9513,0.17691,3.526,24.6096,Mar,03,09,2022-03-09,L,3.45
165,2022.0,09-Mar,9.0,30.0,E,BB22.9ES,460.0,2023-07-31,Jenni,100.0,11.2,1.75,+,CTD only started reading pressure values at 5 (no data for 1m),2022-03-09,30.0,1:37:40 PM,30.9509,3.5277,6.2173,8.048,1.9513,0.17691,3.526,24.6096,Mar,03,09,2022-03-09,S,2.11
44,2022.0,09-Mar,9.0,60.0,D,BB22.9D,465.0,2023-07-31,Jenni,100.0,14.8,1.89,+,CTD only started reading pressure values at 5 (no data for 1m),2022-03-09,60.0,1:38:30 PM,31.0209,3.335,6.4315,8.093,2.2493,0.00025,3.3316,24.6822,Mar,03,09,2022-03-09,W,2.78
166,2022.0,09-Mar,9.0,60.0,D,BB22.9DL,465.0,2023-08-23,Jenni,100.0,10.4,1.67,+,no filter in A replicate tube!,2022-03-09,60.0,1:38:30 PM,31.0209,3.335,6.4315,8.093,2.2493,0.00025,3.3316,24.6822,Mar,03,09,2022-03-09,L,1.83
167,2022.0,09-Mar,9.0,60.0,D,BB22.9DS,425.0,2023-07-31,Jenni,100.0,13.0,1.86,+,no filter in A replicate tube!,2022-03-09,60.0,1:38:30 PM,31.0209,3.335,6.4315,8.093,2.2493,0.00025,3.3316,24.6822,Mar,03,09,2022-03-09,S,2.17
45,2022.0,16-Mar,10.0,1.0,A,BB22.10A,510.0,2023-07-31,Jenni,100.0,54.8,1.89,+,no filter in A replicate tube!,2022-03-16,1.0,12:17:13 PM,26.8284,2.8185,7.4811,8.048,2.7757,105.14,2.8185,21.3808,Mar,03,16,2022-03-16,W,2.02
168,2022.0,16-Mar,10.0,1.0,A,BB22.10AL,500.0,2023-07-31,Jenni,100.0,8.9,1.71,+,no filter in A replicate tube!,2022-03-16,1.0,12:17:13 PM,26.8284,2.8185,7.4811,8.048,2.7757,105.14,2.8185,21.3808,Mar,03,16,2022-03-16,L,1.47
169,2022.0,16-Mar,10.0,1.0,A,BB22.10AS,500.0,2023-07-31,Jenni,100.0,29.9,1.92,+,no filter in A replicate tube!,2022-03-16,1.0,12:17:13 PM,26.8284,2.8185,7.4811,8.048,2.7757,105.14,2.8185,21.3808,Mar,03,16,2022-03-16,S,1.95
46,2022.0,16-Mar,10.0,5.0,B,BB22.10B,505.0,2023-07-31,Jenni,100.0,52.2,1.93,+,no filter in A replicate tube!,2022-03-16,5.0,12:17:23 PM,29.98,3.3746,6.7419,7.989,3.4003,11.894,3.3743,23.8497,Mar,03,16,2022-03-16,W,2.14
170,2022.0,16-Mar,10.0,5.0,B,BB22.10BL,510.0,2023-07-31,Jenni,100.0,17.0,1.83,+,no filter in A replicate tube!,2022-03-16,5.0,12:17:23 PM,29.98,3.3746,6.7419,7.989,3.4003,11.894,3.3743,23.8497,Mar,03,16,2022-03-16,L,1.72
171,2022.0,16-Mar,10.0,5.0,B,BB22.10BS,510.0,2023-07-31,Jenni,100.0,33.4,1.96,+,no filter in A replicate tube!,2022-03-16,5.0,12:17:23 PM,29.98,3.3746,6.7419,7.989,3.4003,11.894,3.3743,23.8497,Mar,03,16,2022-03-16,S,2.24
47,2022.0,16-Mar,10.0,10.0,C,BB22.10C,550.0,2023-07-31,Jenni,100.0,29.1,1.9,+,no filter in A replicate tube!,2022-03-16,10.0,12:17:32 PM,30.2782,3.3914,6.5531,7.981,2.0581,2.8979,3.3908,24.0858,Mar,03,16,2022-03-16,W,1.92
172,2022.0,16-Mar,10.0,10.0,C,BB22.10CL,525.0,2023-07-31,Jenni,100.0,8.0,1.82,+,no filter in A replicate tube!,2022-03-16,10.0,12:17:32 PM,30.2782,3.3914,6.5531,7.981,2.0581,2.8979,3.3908,24.0858,Mar,03,16,2022-03-16,L,2.89
173,2022.0,16-Mar,10.0,10.0,C,BB22.10CS,525.0,2023-07-31,Jenni,100.0,19.1,1.9,+,no filter in A replicate tube!,2022-03-16,10.0,12:17:32 PM,30.2782,3.3914,6.5531,7.981,2.0581,2.8979,3.3908,24.0858,Mar,03,16,2022-03-16,S,2.05
48,2022.0,16-Mar,10.0,30.0,E,BB22.10E,550.0,2023-07-31,Jenni,100.0,27.8,1.95,+,no filter in A replicate tube!,2022-03-16,30.0,12:18:07 PM,30.9509,3.3391,6.3461,8.102,3.0641,0.00025,3.3374,24.626,Mar,03,16,2022-03-16,W,1.92
174,2022.0,16-Mar,10.0,30.0,E,BB22.10EL,555.0,2023-07-31,Jenni,100.0,7.3,1.75,+,no filter in A replicate tube!,2022-03-16,30.0,12:18:07 PM,30.9509,3.3391,6.3461,8.102,3.0641,0.00025,3.3374,24.626,Mar,03,16,2022-03-16,L,1.65
175,2022.0,16-Mar,10.0,30.0,E,BB22.10ES,555.0,2023-08-02,Jenni,100.0,14.2,1.82,+,no filter in A replicate tube!,2022-03-16,30.0,12:18:07 PM,30.9509,3.3391,6.3461,8.102,3.0641,0.00025,3.3374,24.626,Mar,03,16,2022-03-16,S,2.31
49,2022.0,16-Mar,10.0,60.0,D,BB22.10D,500.0,2023-07-31,Jenni,100.0,24.4,1.73,+,no filter in A replicate tube!,2022-03-16,60.0,12:18:59 PM,31.0125,3.0567,6.6743,8.188,2.0821,0.00026,3.0534,24.6989,Mar,03,16,2022-03-16,W,3.01
176,2022.0,16-Mar,10.0,60.0,D,BB22.10DL,550.0,2023-08-02,Jenni,100.0,7.7,1.73,+,no filter in A replicate tube!,2022-03-16,60.0,12:18:59 PM,31.0125,3.0567,6.6743,8.188,2.0821,0.00026,3.0534,24.6989,Mar,03,16,2022-03-16,L,1.65
177,2022.0,16-Mar,10.0,60.0,D,BB22.10DS,550.0,2023-08-02,Jenni,100.0,22.0,2.03,+,no filter in A replicate tube!,2022-03-16,60.0,12:18:59 PM,31.0125,3.0567,6.6743,8.188,2.0821,0.00026,3.0534,24.6989,Mar,03,16,2022-03-16,S,2.4
50,2022.0,24-Mar,11.0,1.0,A,BB22.11A,555.0,2023-07-31,Jenni,100.0,44.9,1.86,+,There was no CTD data to download from BIO for 2022-03-24,2022-03-16,60.0,12:18:59 PM,31.0125,3.0567,6.6743,8.188,2.0821,0.00026,3.0534,24.6989,Mar,03,24,2022-03-24,W,1.98
178,2022.0,24-Mar,11.0,1.0,A,BB22.11AL,515.0,2023-08-02,Jenni,100.0,10.1,1.82,+,There was no CTD data to download from BIO for 2022-03-24,2022-03-16,60.0,12:18:59 PM,31.0125,3.0567,6.6743,8.188,2.0821,0.00026,3.0534,24.6989,Mar,03,24,2022-03-24,L,2.17
179,2022.0,24-Mar,11.0,1.0,A,BB22.11AS,515.0,2023-08-02,Jenni,100.0,32.3,1.94,+,There was no CTD data to download from BIO for 2022-03-24,2022-03-16,60.0,12:18:59 PM,31.0125,3.0567,6.6743,8.188,2.0821,0.00026,3.0534,24.6989,Mar,03,24,2022-03-24,S,2.44
51,2022.0,24-Mar,11.0,5.0,B,BB22.11B,475.0,2023-08-02,Jenni,100.0,33.9,1.89,+,There was no CTD data to download from BIO for 2022-03-24,2022-03-16,60.0,12:18:59 PM,31.0125,3.0567,6.6743,8.188,2.0821,0.00026,3.0534,24.6989,Mar,03,24,2022-03-24,W,1.99
180,2022.0,24-Mar,11.0,5.0,B,BB22.11BL,510.0,2023-08-02,Jenni,100.0,14.2,2.03,+,There was no CTD data to download from BIO for 2022-03-24,2022-03-16,60.0,12:18:59 PM,31.0125,3.0567,6.6743,8.188,2.0821,0.00026,3.0534,24.6989,Mar,03,24,2022-03-24,L,2.3
181,2022.0,24-Mar,11.0,5.0,B,BB22.11BS,510.0,2023-08-02,Jenni,100.0,26.8,1.9,+,There was no CTD data to download from BIO for 2022-03-24,2022-03-16,60.0,12:18:59 PM,31.0125,3.0567,6.6743,8.188,2.0821,0.00026,3.0534,24.6989,Mar,03,24,2022-03-24,S,2.11
52,2022.0,24-Mar,11.0,10.0,C,BB22.11C,560.0,2023-08-02,Jenni,100.0,32.5,1.84,+,There was no CTD data to download from BIO for 2022-03-24,2022-03-16,60.0,12:18:59 PM,31.0125,3.0567,6.6743,8.188,2.0821,0.00026,3.0534,24.6989,Mar,03,24,2022-03-24,W,1.77
182,2022.0,24-Mar,11.0,10.0,C,BB22.11CL,580.0,2023-08-02,Jenni,100.0,8.9,2.08,+,There was no CTD data to download from BIO for 2022-03-24,2022-03-16,60.0,12:18:59 PM,31.0125,3.0567,6.6743,8.188,2.0821,0.00026,3.0534,24.6989,Mar,03,24,2022-03-24,L,3.22
183,2022.0,24-Mar,11.0,10.0,C,BB22.11CS,580.0,2023-08-02,Jenni,100.0,19.6,1.79,+,There was no CTD data to download from BIO for 2022-03-24,2022-03-16,60.0,12:18:59 PM,31.0125,3.0567,6.6743,8.188,2.0821,0.00026,3.0534,24.6989,Mar,03,24,2022-03-24,S,2.56
53,2022.0,24-Mar,11.0,30.0,E,BB22.11E,480.0,2023-08-02,Jenni,100.0,21.5,1.81,+,There was no CTD data to download from BIO for 2022-03-24,2022-03-16,60.0,12:18:59 PM,31.0125,3.0567,6.6743,8.188,2.0821,0.00026,3.0534,24.6989,Mar,03,24,2022-03-24,W,1.95
184,2022.0,24-Mar,11.0,30.0,E,BB22.11EL,505.0,2023-08-02,Jenni,100.0,7.7,1.74,+,There was no CTD data to download from BIO for 2022-03-24,2022-03-16,60.0,12:18:59 PM,31.0125,3.0567,6.6743,8.188,2.0821,0.00026,3.0534,24.6989,Mar,03,24,2022-03-24,L,2.25
185,2022.0,24-Mar,11.0,30.0,E,BB22.11ES,505.0,2023-08-02,Jenni,100.0,17.4,1.91,+,There was no CTD data to download from BIO for 2022-03-24,2022-03-16,60.0,12:18:59 PM,31.0125,3.0567,6.6743,8.188,2.0821,0.00026,3.0534,24.6989,Mar,03,24,2022-03-24,S,2.15
54,2022.0,24-Mar,11.0,60.0,D,BB22.11D,565.0,2023-08-02,Jenni,100.0,32.7,1.79,+,There was no CTD data to download from BIO for 2022-03-24,2022-03-16,60.0,12:18:59 PM,31.0125,3.0567,6.6743,8.188,2.0821,0.00026,3.0534,24.6989,Mar,03,24,2022-03-24,W,1.44
186,2022.0,24-Mar,11.0,60.0,D,BB22.11DL,525.0,2023-08-02,Jenni,100.0,6.4,1.76,+,There was no CTD data to download from BIO for 2022-03-24,2022-03-16,60.0,12:18:59 PM,31.0125,3.0567,6.6743,8.188,2.0821,0.00026,3.0534,24.6989,Mar,03,24,2022-03-24,L,2.37
187,2022.0,24-Mar,11.0,60.0,D,BB22.11DS,525.0,2023-08-02,Jenni,100.0,20.1,1.78,+,There was no CTD data to download from BIO for 2022-03-24,2022-03-16,60.0,12:18:59 PM,31.0125,3.0567,6.6743,8.188,2.0821,0.00026,3.0534,24.6989,Mar,03,24,2022-03-24,S,1.4
55,2022.0,31-Mar,12.0,1.0,A,BB22.12A,520.0,2023-07-20,Jenni,100.0,32.8,1.78,+,There was no CTD data to download from BIO for 2022-03-24,2022-03-31,1.0,11:41:11 AM,29.0733,3.3668,8.4543,8.283,14.35,112.31,3.3667,23.1285,Mar,03,31,2022-03-31,W,1.4
188,2022.0,31-Mar,12.0,1.0,A,BB22.12AL,500.0,2023-08-02,Jenni,100.0,6.3,1.82,+,There was no CTD data to download from BIO for 2022-03-24,2022-03-31,1.0,11:41:11 AM,29.0733,3.3668,8.4543,8.283,14.35,112.31,3.3667,23.1285,Mar,03,31,2022-03-31,L,2.09
189,2022.0,31-Mar,12.0,1.0,A,BB22.12AS,500.0,2023-08-02,Jenni,100.0,32.6,1.91,+,There was no CTD data to download from BIO for 2022-03-24,2022-03-31,1.0,11:41:11 AM,29.0733,3.3668,8.4543,8.283,14.35,112.31,3.3667,23.1285,Mar,03,31,2022-03-31,S,2.05
56,2022.0,31-Mar,12.0,5.0,B,BB22.12B,530.0,2023-07-20,Jenni,100.0,34.5,1.81,+,There was no CTD data to download from BIO for 2022-03-24,2022-03-31,5.0,11:41:20 AM,29.3525,3.5671,7.7308,8.278,29.0999,15.638,3.5668,23.3343,Mar,03,31,2022-03-31,W,2.02
190,2022.0,31-Mar,12.0,5.0,B,BB22.12BL,470.0,2023-08-02,Jenni,100.0,22.2,2.04,+,There was no CTD data to download from BIO for 2022-03-24,2022-03-31,5.0,11:41:20 AM,29.3525,3.5671,7.7308,8.278,29.0999,15.638,3.5668,23.3343,Mar,03,31,2022-03-31,L,2.13
191,2022.0,31-Mar,12.0,5.0,B,BB22.12BS,470.0,2023-08-02,Jenni,100.0,35.6,1.93,+,There was no CTD data to download from BIO for 2022-03-24,2022-03-31,5.0,11:41:20 AM,29.3525,3.5671,7.7308,8.278,29.0999,15.638,3.5668,23.3343,Mar,03,31,2022-03-31,S,2.14
57,2022.0,31-Mar,12.0,10.0,C,BB22.12C,505.0,2023-07-20,Jenni,100.0,36.2,1.85,+,There was no CTD data to download from BIO for 2022-03-24,2022-03-31,10.0,11:41:29 AM,30.4564,3.2304,7.0453,8.088,32.079,2.4182,3.2299,24.2411,Mar,03,31,2022-03-31,W,2.04
192,2022.0,31-Mar,12.0,10.0,C,BB22.12CL,480.0,2023-08-02,Jenni,100.0,8.4,1.73,+,There was no CTD data to download from BIO for 2022-03-24,2022-03-31,10.0,11:41:29 AM,30.4564,3.2304,7.0453,8.088,32.079,2.4182,3.2299,24.2411,Mar,03,31,2022-03-31,L,2.18
193,2022.0,31-Mar,12.0,10.0,C,BB22.12CS,480.0,2023-08-03,Jenni,100.0,18.3,1.84,+,There was no CTD data to download from BIO for 2022-03-24,2022-03-31,10.0,11:41:29 AM,30.4564,3.2304,7.0453,8.088,32.079,2.4182,3.2299,24.2411,Mar,03,31,2022-03-31,S,1.84
58,2022.0,31-Mar,12.0,30.0,E,BB22.12E,505.0,2023-07-20,Jenni,100.0,30.3,1.83,+,There was no CTD data to download from BIO for 2022-03-24,2022-03-31,30.0,11:42:01 AM,30.8016,2.9908,6.7922,8.064,8.3232,0.00025,2.9892,24.536,Mar,03,31,2022-03-31,W,1.85
194,2022.0,31-Mar,12.0,30.0,E,BB22.12EL,475.0,2023-08-03,Jenni,100.0,3.8,1.86,+,There was no CTD data to download from BIO for 2022-03-24,2022-03-31,30.0,11:42:01 AM,30.8016,2.9908,6.7922,8.064,8.3232,0.00025,2.9892,24.536,Mar,03,31,2022-03-31,L,1.86
195,2022.0,31-Mar,12.0,30.0,E,BB22.12ES,475.0,2023-08-03,Jenni,100.0,13.9,1.73,+,There was no CTD data to download from BIO for 2022-03-24,2022-03-31,30.0,11:42:01 AM,30.8016,2.9908,6.7922,8.064,8.3232,0.00025,2.9892,24.536,Mar,03,31,2022-03-31,S,1.73
59,2022.0,31-Mar,12.0,60.0,D,BB22.12D,550.0,2023-07-20,Jenni,100.0,27.4,1.8,+,There was no CTD data to download from BIO for 2022-03-24,2022-03-31,60.0,11:42:48 AM,31.0253,3.1129,6.474,8.471,1.6463,0.00026,3.1096,24.7045,Mar,03,31,2022-03-31,W,2.08
196,2022.0,31-Mar,12.0,60.0,D,BB22.12DL,510.0,2023-08-03,Jenni,100.0,7.4,1.84,+,There was no CTD data to download from BIO for 2022-03-24,2022-03-31,60.0,11:42:48 AM,31.0253,3.1129,6.474,8.471,1.6463,0.00026,3.1096,24.7045,Mar,03,31,2022-03-31,L,1.8
197,2022.0,31-Mar,12.0,60.0,D,BB22.12DS,510.0,2023-08-03,Jenni,100.0,13.7,1.8,+,There was no CTD data to download from BIO for 2022-03-24,2022-03-31,60.0,11:42:48 AM,31.0253,3.1129,6.474,8.471,1.6463,0.00026,3.1096,24.7045,Mar,03,31,2022-03-31,S,1.86
60,2022.0,07-Apr,13.0,1.0,A,BB22.13A,500.0,2023-07-20,Jenni,100.0,28.7,1.8,+,There was no CTD data to download from BIO for 2022-03-24,2022-04-07,1.0,11:46:27 AM,29.574,3.8289,7.8907,3.2992,12.177,8.373,3.8289,23.4879,Apr,04,07,2022-04-07,W,1.86
198,2022.0,07-Apr,13.0,1.0,A,BB22.13AL,445.0,2023-08-03,Jenni,100.0,4.8,1.58,+,There was no CTD data to download from BIO for 2022-03-24,2022-04-07,1.0,11:46:27 AM,29.574,3.8289,7.8907,3.2992,12.177,8.373,3.8289,23.4879,Apr,04,07,2022-04-07,L,1.58
199,2022.0,07-Apr,13.0,1.0,A,BB22.13AS,445.0,2023-08-03,Jenni,100.0,16.7,1.8,+,There was no CTD data to download from BIO for 2022-03-24,2022-04-07,1.0,11:46:27 AM,29.574,3.8289,7.8907,3.2992,12.177,8.373,3.8289,23.4879,Apr,04,07,2022-04-07,S,1.8
61,2022.0,07-Apr,13.0,5.0,B,BB22.13B,515.0,2023-07-20,Jenni,100.0,33.6,1.84,+,There was no CTD data to download from BIO for 2022-03-24,2022-04-07,5.0,11:46:35 AM,30.1317,3.6087,7.8146,3.4316,47.422,8.377,3.6085,23.9506,Apr,04,07,2022-04-07,W,1.98
200,2022.0,07-Apr,13.0,5.0,B,BB22.13BL,500.0,2023-08-03,Jenni,100.0,7.7,1.78,+,There was no CTD data to download from BIO for 2022-03-24,2022-04-07,5.0,11:46:35 AM,30.1317,3.6087,7.8146,3.4316,47.422,8.377,3.6085,23.9506,Apr,04,07,2022-04-07,L,1.78
201,2022.0,07-Apr,13.0,5.0,B,BB22.13BS,500.0,2023-08-03,Jenni,100.0,20.8,1.81,+,There was no CTD data to download from BIO for 2022-03-24,2022-04-07,5.0,11:46:35 AM,30.1317,3.6087,7.8146,3.4316,47.422,8.377,3.6085,23.9506,Apr,04,07,2022-04-07,S,1.81
62,2022.0,07-Apr,13.0,10.0,C,BB22.13C,510.0,2023-07-20,Jenni,100.0,36.6,1.82,+,There was no CTD data to download from BIO for 2022-03-24,2022-04-07,10.0,11:46:45 AM,30.5388,3.1538,7.1682,3.1117,30.9165,8.27,3.1532,24.3131,Apr,04,07,2022-04-07,W,2.2
202,2022.0,07-Apr,13.0,10.0,C,BB22.13CL,465.0,2023-08-03,Jenni,100.0,7.0,1.75,+,There was no CTD data to download from BIO for 2022-03-24,2022-04-07,10.0,11:46:45 AM,30.5388,3.1538,7.1682,3.1117,30.9165,8.27,3.1532,24.3131,Apr,04,07,2022-04-07,L,1.75
203,2022.0,07-Apr,13.0,10.0,C,BB22.13CS,465.0,2023-08-03,Jenni,100.0,16.3,1.8,+,There was no CTD data to download from BIO for 2022-03-24,2022-04-07,10.0,11:46:45 AM,30.5388,3.1538,7.1682,3.1117,30.9165,8.27,3.1532,24.3131,Apr,04,07,2022-04-07,S,1.8
63,2022.0,07-Apr,13.0,30.0,E,BB22.13E,460.0,2023-08-02,Jenni,100.0,22.8,1.85,+,There was no CTD data to download from BIO for 2022-03-24,2022-04-07,30.0,11:47:20 AM,30.8881,3.0911,6.6612,2.91,7.6856,8.146,3.0894,24.5968,Apr,04,07,2022-04-07,W,1.62
204,2022.0,07-Apr,13.0,30.0,E,BB22.13EL,455.0,2023-08-03,Jenni,100.0,7.2,1.83,+,There was no CTD data to download from BIO for 2022-03-24,2022-04-07,30.0,11:47:20 AM,30.8881,3.0911,6.6612,2.91,7.6856,8.146,3.0894,24.5968,Apr,04,07,2022-04-07,L,1.83
205,2022.0,07-Apr,13.0,30.0,E,BB22.13ES,455.0,2023-08-03,Jenni,100.0,16.9,1.81,+,There was no CTD data to download from BIO for 2022-03-24,2022-04-07,30.0,11:47:20 AM,30.8881,3.0911,6.6612,2.91,7.6856,8.146,3.0894,24.5968,Apr,04,07,2022-04-07,S,1.81
64,2022.0,07-Apr,13.0,60.0,D,BB22.13D,505.0,2023-08-02,Jenni,100.0,26.9,1.85,+,There was no CTD data to download from BIO for 2022-03-24,2022-04-07,60.0,11:48:09 AM,31.0046,3.1559,6.3275,2.7657,6.1505,8.089,3.1526,24.6844,Apr,04,07,2022-04-07,W,2.0
206,2022.0,07-Apr,13.0,60.0,D,BB22.13DL,455.0,2023-08-03,Jenni,100.0,5.9,1.86,+,There was no CTD data to download from BIO for 2022-03-24,2022-04-07,60.0,11:48:09 AM,31.0046,3.1559,6.3275,2.7657,6.1505,8.089,3.1526,24.6844,Apr,04,07,2022-04-07,L,1.86
207,2022.0,07-Apr,13.0,60.0,D,BB22.13DS,455.0,2023-08-03,Jenni,100.0,17.6,1.85,+,There was no CTD data to download from BIO for 2022-03-24,2022-04-07,60.0,11:48:09 AM,31.0046,3.1559,6.3275,2.7657,6.1505,8.089,3.1526,24.6844,Apr,04,07,2022-04-07,S,1.85
65,2022.0,12-Apr,14.0,1.0,A,BB22.14A,520.0,2023-08-03,Jenni,100.0,49.4,1.96,+,There was no CTD data to download from BIO for 2022-03-24,2022-04-12,1.0,11:55:09 AM,160.83,4.7506,23.2632,27.0691,21.5531,8.147,29.3993,4.7505,Apr,04,12,2022-04-12,W,1.96
208,2022.0,12-Apr,14.0,1.0,A,BB22.14AL,510.0,2023-08-03,Jenni,100.0,27.0,1.93,+,There was no CTD data to download from BIO for 2022-03-24,2022-04-12,1.0,11:55:09 AM,160.83,4.7506,23.2632,27.0691,21.5531,8.147,29.3993,4.7505,Apr,04,12,2022-04-12,L,1.93
209,2022.0,12-Apr,14.0,1.0,A,BB22.14AS,510.0,2023-08-22,Jenni,100.0,26.1,1.81,+,There was no CTD data to download from BIO for 2022-03-24,2022-04-12,1.0,11:55:09 AM,160.83,4.7506,23.2632,27.0691,21.5531,8.147,29.3993,4.7505,Apr,04,12,2022-04-12,S,1.98
66,2022.0,12-Apr,14.0,5.0,B,BB22.14B,505.0,2023-08-03,Jenni,100.0,139.7,1.99,+,There was no CTD data to download from BIO for 2022-03-24,2022-04-12,5.0,11:55:16 AM,51.206,4.2773,23.7383,52.3783,23.8871,8.114,29.9408,4.277,Apr,04,12,2022-04-12,W,1.99
210,2022.0,12-Apr,14.0,5.0,B,BB22.14BL,505.0,2023-08-22,Jenni,100.0,7.7,1.88,+,There was no CTD data to download from BIO for 2022-03-24,2022-04-12,5.0,11:55:16 AM,51.206,4.2773,23.7383,52.3783,23.8871,8.114,29.9408,4.277,Apr,04,12,2022-04-12,L,3.42
211,2022.0,12-Apr,14.0,5.0,B,BB22.14BS,505.0,2023-08-22,Jenni,100.0,20.7,1.77,+,There was no CTD data to download from BIO for 2022-03-24,2022-04-12,5.0,11:55:16 AM,51.206,4.2773,23.7383,52.3783,23.8871,8.114,29.9408,4.277,Apr,04,12,2022-04-12,S,2.02
67,2022.0,12-Apr,14.0,10.0,C,BB22.14C,550.0,2023-08-03,Jenni,100.0,54.5,1.82,+,There was no CTD data to download from BIO for 2022-03-24,2022-04-12,10.0,11:55:25 AM,9.1849,3.5599,24.2721,58.7967,28.1674,7.963,30.5304,3.5593,Apr,04,12,2022-04-12,W,1.82
212,2022.0,12-Apr,14.0,10.0,C,BB22.14CL,510.0,2023-08-22,Jenni,100.0,7.2,1.7,+,There was no CTD data to download from BIO for 2022-03-24,2022-04-12,10.0,11:55:25 AM,9.1849,3.5599,24.2721,58.7967,28.1674,7.963,30.5304,3.5593,Apr,04,12,2022-04-12,L,1.91
213,2022.0,12-Apr,14.0,10.0,C,BB22.14CS,510.0,2023-08-22,Jenni,100.0,28.0,1.8,+,There was no CTD data to download from BIO for 2022-03-24,2022-04-12,10.0,11:55:25 AM,9.1849,3.5599,24.2721,58.7967,28.1674,7.963,30.5304,3.5593,Apr,04,12,2022-04-12,S,1.9
68,2022.0,12-Apr,14.0,30.0,E,BB22.14E,500.0,2023-08-03,Jenni,100.0,28.3,1.86,+,There was no CTD data to download from BIO for 2022-03-24,2022-04-12,30.0,11:56:01 AM,0.03624,3.0431,24.5815,11.4296,5.8632,7.838,30.8641,3.0415,Apr,04,12,2022-04-12,W,1.86
214,2022.0,12-Apr,14.0,30.0,E,BB22.14EL,505.0,2023-08-22,Jenni,100.0,8.1,1.62,+,There was no CTD data to download from BIO for 2022-03-24,2022-04-12,30.0,11:56:01 AM,0.03624,3.0431,24.5815,11.4296,5.8632,7.838,30.8641,3.0415,Apr,04,12,2022-04-12,L,1.72
215,2022.0,12-Apr,14.0,30.0,E,BB22.14ES,505.0,2023-08-22,Jenni,100.0,18.2,1.82,+,There was no CTD data to download from BIO for 2022-03-24,2022-04-12,30.0,11:56:01 AM,0.03624,3.0431,24.5815,11.4296,5.8632,7.838,30.8641,3.0415,Apr,04,12,2022-04-12,S,2.16
69,2022.0,12-Apr,14.0,60.0,D,BB22.14D,575.0,2023-08-03,Jenni,100.0,35.7,1.88,+,There was no CTD data to download from BIO for 2022-03-24,2022-04-12,60.0,11:56:58 AM,0.00024,3.1325,24.6902,6.462,3.8447,7.775,31.0094,3.1292,Apr,04,12,2022-04-12,W,1.99
216,2022.0,12-Apr,14.0,60.0,D,BB22.14DL,500.0,2023-08-22,Jenni,100.0,6.7,1.58,+,There was no CTD data to download from BIO for 2022-03-24,2022-04-12,60.0,11:56:58 AM,0.00024,3.1325,24.6902,6.462,3.8447,7.775,31.0094,3.1292,Apr,04,12,2022-04-12,L,2.66
217,2022.0,12-Apr,14.0,60.0,D,BB22.14DS,500.0,2023-08-22,Jenni,100.0,20.7,1.67,+,There was no CTD data to download from BIO for 2022-03-24,2022-04-12,60.0,11:56:58 AM,0.00024,3.1325,24.6902,6.462,3.8447,7.775,31.0094,3.1292,Apr,04,12,2022-04-12,S,1.5
70,2022.0,20-Apr,15.0,1.0,A,BB22.15A,485.0,2023-08-03,Jenni,100.0,87.8,2.0,+,There was no CTD data to download from BIO for 2022-03-24,2022-04-20,1.0,12:23:09 PM,102.95,5.6087,23.0925,12.279,6.3992,8.16,29.2963,5.6086,Apr,04,20,2022-04-20,W,2.0
218,2022.0,20-Apr,15.0,1.0,A,BB22.15AL,500.0,2023-08-22,Jenni,100.0,11.6,1.6,+,There was no CTD data to download from BIO for 2022-03-24,2022-04-20,1.0,12:23:09 PM,102.95,5.6087,23.0925,12.279,6.3992,8.16,29.2963,5.6086,Apr,04,20,2022-04-20,L,1.8
219,2022.0,20-Apr,15.0,1.0,A,BB22.15AS,500.0,2023-08-22,Jenni,100.0,47.2,1.94,+,There was no CTD data to download from BIO for 2022-03-24,2022-04-20,1.0,12:23:09 PM,102.95,5.6087,23.0925,12.279,6.3992,8.16,29.2963,5.6086,Apr,04,20,2022-04-20,S,2.35
71,2022.0,20-Apr,15.0,5.0,B,BB22.15B,540.0,2023-08-03,Jenni,100.0,97.4,1.99,+,There was no CTD data to download from BIO for 2022-03-24,2022-04-20,5.0,12:23:14 PM,24.382,5.0865,23.5453,25.9272,14.3189,8.143,29.7986,5.0861,Apr,04,20,2022-04-20,W,1.99
220,2022.0,20-Apr,15.0,5.0,B,BB22.15BL,500.0,2023-08-22,Jenni,100.0,7.6,1.56,+,There was no CTD data to download from BIO for 2022-03-24,2022-04-20,5.0,12:23:14 PM,24.382,5.0865,23.5453,25.9272,14.3189,8.143,29.7986,5.0861,Apr,04,20,2022-04-20,L,2.24
221,2022.0,20-Apr,15.0,5.0,B,BB22.15BS,500.0,2023-08-22,Jenni,100.0,30.1,1.77,+,There was no CTD data to download from BIO for 2022-03-24,2022-04-20,5.0,12:23:14 PM,24.382,5.0865,23.5453,25.9272,14.3189,8.143,29.7986,5.0861,Apr,04,20,2022-04-20,S,2.04
72,2022.0,20-Apr,15.0,10.0,C,BB22.15C,50.0,2023-08-03,Jenni,100.0,58.3,1.94,+,There was no CTD data to download from BIO for 2022-03-24,2022-04-20,10.0,12:23:20 PM,18.15,4.5843,23.8533,35.4459,16.86,8.093,30.1231,4.5836,Apr,04,20,2022-04-20,W,1.94
222,2022.0,20-Apr,15.0,10.0,C,BB22.15CL,505.0,2023-08-22,Jenni,100.0,9.1,1.78,+,There was no CTD data to download from BIO for 2022-03-24,2022-04-20,10.0,12:23:20 PM,18.15,4.5843,23.8533,35.4459,16.86,8.093,30.1231,4.5836,Apr,04,20,2022-04-20,L,2.78
223,2022.0,20-Apr,15.0,10.0,C,BB22.15CS,505.0,2023-08-22,Jenni,100.0,30.4,1.8,+,There was no CTD data to download from BIO for 2022-03-24,2022-04-20,10.0,12:23:20 PM,18.15,4.5843,23.8533,35.4459,16.86,8.093,30.1231,4.5836,Apr,04,20,2022-04-20,S,2.11
73,2022.0,20-Apr,15.0,30.0,E,BB22.15E,575.0,2023-08-22,Jenni,100.0,41.8,1.82,+,There was no CTD data to download from BIO for 2022-03-24,2022-04-20,30.0,12:23:47 PM,0.07758,3.1433,24.5387,25.0096,10.2067,7.883,30.8207,3.1417,Apr,04,20,2022-04-20,W,2.07
224,2022.0,20-Apr,15.0,30.0,E,BB22.15EL,500.0,2023-08-22,Jenni,100.0,8.9,1.7,+,There was no CTD data to download from BIO for 2022-03-24,2022-04-20,30.0,12:23:47 PM,0.07758,3.1433,24.5387,25.0096,10.2067,7.883,30.8207,3.1417,Apr,04,20,2022-04-20,L,2.02
225,2022.0,20-Apr,15.0,30.0,E,BB22.15ES,500.0,2023-08-22,Jenni,100.0,23.5,1.86,+,There was no CTD data to download from BIO for 2022-03-24,2022-04-20,30.0,12:23:47 PM,0.07758,3.1433,24.5387,25.0096,10.2067,7.883,30.8207,3.1417,Apr,04,20,2022-04-20,S,2.33
74,2022.0,20-Apr,15.0,60.0,D,BB22.15D,595.0,2023-08-22,Jenni,100.0,38.5,1.81,+,There was no CTD data to download from BIO for 2022-03-24,2022-04-20,60.0,12:24:27 PM,0.00025,3.1233,24.677,5.1455,3.1072,7.797,30.9919,3.1199,Apr,04,20,2022-04-20,W,1.99
226,2022.0,20-Apr,15.0,60.0,D,BB22.15DL,525.0,2023-08-22,Jenni,100.0,12.3,1.69,+,There was no CTD data to download from BIO for 2022-03-24,2022-04-20,60.0,12:24:27 PM,0.00025,3.1233,24.677,5.1455,3.1072,7.797,30.9919,3.1199,Apr,04,20,2022-04-20,L,1.92
227,2022.0,20-Apr,15.0,60.0,D,BB22.15DS,525.0,2023-08-22,Jenni,100.0,12.9,1.71,+,There was no CTD data to download from BIO for 2022-03-24,2022-04-20,60.0,12:24:27 PM,0.00025,3.1233,24.677,5.1455,3.1072,7.797,30.9919,3.1199,Apr,04,20,2022-04-20,S,3.32
75,2022.0,27-Apr,16.0,1.0,A,BB22.16A,490.0,2023-08-22,Jenni,100.0,53.2,1.86,+,last week for matching S/F samples,2022-04-27,1.0,12:05:36 PM,0.00024,6.6332,22.6642,28.4852,14.1039,8.149,28.9021,6.6331,Apr,04,27,2022-04-27,W,2.15
228,2022.0,27-Apr,16.0,1.0,A,BB22.16AL,475.0,2023-08-22,Jenni,100.0,24.7,1.92,+,last week for matching S/F samples,2022-04-27,1.0,12:05:36 PM,0.00024,6.6332,22.6642,28.4852,14.1039,8.149,28.9021,6.6331,Apr,04,27,2022-04-27,L,2.18
229,2022.0,27-Apr,16.0,1.0,A,BB22.16AS,475.0,2023-08-23,Jenni,100.0,25.6,1.8,+,last week for matching S/F samples,2022-04-27,1.0,12:05:36 PM,0.00024,6.6332,22.6642,28.4852,14.1039,8.149,28.9021,6.6331,Apr,04,27,2022-04-27,S,2.23
76,2022.0,27-Apr,16.0,5.0,B,BB22.16B,475.0,2023-08-22,Jenni,100.0,54.6,1.87,+,last week for matching S/F samples,2022-04-27,5.0,12:05:50 PM,0.00025,5.4398,23.4918,33.4292,17.1837,8.163,29.7783,5.4394,Apr,04,27,2022-04-27,W,2.04
230,2022.0,27-Apr,16.0,5.0,B,BB22.16BL,490.0,2023-08-23,Jenni,100.0,13.6,1.85,+,last week for matching S/F samples,2022-04-27,5.0,12:05:50 PM,0.00025,5.4398,23.4918,33.4292,17.1837,8.163,29.7783,5.4394,Apr,04,27,2022-04-27,L,1.93
231,2022.0,27-Apr,16.0,5.0,B,BB22.16BS,490.0,2023-08-23,Jenni,100.0,38.9,1.86,+,last week for matching S/F samples,2022-04-27,5.0,12:05:50 PM,0.00025,5.4398,23.4918,33.4292,17.1837,8.163,29.7783,5.4394,Apr,04,27,2022-04-27,S,2.04
77,2022.0,27-Apr,16.0,10.0,C,BB22.16C,465.0,2023-08-23,Jenni,100.0,75.7,1.91,+,last week for matching S/F samples,2022-04-27,10.0,12:06:08 PM,0.00025,4.4055,23.9059,69.3427,33.5274,8.068,30.1674,4.4049,Apr,04,27,2022-04-27,W,1.8
232,2022.0,27-Apr,16.0,10.0,C,BB22.16CL,460.0,2023-08-23,Jenni,100.0,10.4,1.81,+,last week for matching S/F samples,2022-04-27,10.0,12:06:08 PM,0.00025,4.4055,23.9059,69.3427,33.5274,8.068,30.1674,4.4049,Apr,04,27,2022-04-27,L,2.37
233,2022.0,27-Apr,16.0,10.0,C,BB22.16CS,460.0,2023-08-23,Jenni,100.0,39.9,1.88,+,last week for matching S/F samples,2022-04-27,10.0,12:06:08 PM,0.00025,4.4055,23.9059,69.3427,33.5274,8.068,30.1674,4.4049,Apr,04,27,2022-04-27,S,2.1
78,2022.0,27-Apr,16.0,30.0,E,BB22.16E,470.0,2023-08-23,Jenni,100.0,32.9,1.87,+,last week for matching S/F samples,2022-04-27,30.0,12:07:10 PM,0.00025,3.0559,24.4828,11.0532,6.1481,7.932,30.7416,3.0543,Apr,04,27,2022-04-27,W,1.62
234,2022.0,27-Apr,16.0,30.0,E,BB22.16EL,455.0,2023-08-23,Jenni,100.0,9.3,1.81,+,last week for matching S/F samples,2022-04-27,30.0,12:07:10 PM,0.00025,3.0559,24.4828,11.0532,6.1481,7.932,30.7416,3.0543,Apr,04,27,2022-04-27,L,1.63
235,2022.0,27-Apr,16.0,30.0,E,BB22.16ES,455.0,2023-08-23,Jenni,100.0,18.7,1.78,+,last week for matching S/F samples,2022-04-27,30.0,12:07:10 PM,0.00025,3.0559,24.4828,11.0532,6.1481,7.932,30.7416,3.0543,Apr,04,27,2022-04-27,S,1.9
79,2022.0,27-Apr,16.0,60.0,D,BB22.16D,500.0,2023-08-23,Jenni,100.0,27.7,1.91,+,last week for matching S/F samples,2022-04-27,60.0,12:08:23 PM,0.00024,3.1249,24.6749,3.1097,2.0366,7.798,30.9895,3.1216,Apr,04,27,2022-04-27,W,2.11
236,2022.0,27-Apr,16.0,60.0,D,BB22.16DL,490.0,2023-08-23,Jenni,100.0,8.5,1.79,+,last week for matching S/F samples,2022-04-27,60.0,12:08:23 PM,0.00024,3.1249,24.6749,3.1097,2.0366,7.798,30.9895,3.1216,Apr,04,27,2022-04-27,L,1.86
237,2022.0,27-Apr,16.0,60.0,D,BB22.16DS,490.0,2023-08-23,Jenni,100.0,26.1,1.86,+,last week for matching S/F samples,2022-04-27,60.0,12:08:23 PM,0.00024,3.1249,24.6749,3.1097,2.0366,7.798,30.9895,3.1216,Apr,04,27,2022-04-27,S,1.98
